{
    "us": {
        "dist_ff_to_ff_m": 0.0,
        "dist_ff_to_rf_m": 0.8498135660837616,
        "dist_ff_to_lf_m": 1.2965344797189158,
        "dist_ff_to_rb_m": 0.8704826549104813,
        "dist_ff_to_lb_m": 1.3173149482944464
    },
    "uk": {
        "dist_ff_to_ff_m": 0.0,
        "dist_ff_to_rf_m": 0.8897557029319904,
        "dist_ff_to_lf_m": 1.1594041361406298,
        "dist_ff_to_rb_m": 0.9240592032981437,
        "dist_ff_to_lb_m": 1.1934664181283023
    }
}
